#CODE;ENGLISH;;;;;;;;;;;;;x
#####ATE ISLAM EVENTS#####
### ATE EURASIAN COURTIERS ###
EVTDESC_islamate1;An Islamic poet, in search of a new host, has showed up at your court. His time spent among the courts of France has gifted him with court knowledge, and by all accounts he is skilled with words. We may have use of him.;;;;;;;;;;;;;x
EVTDESC_islamate2;An Islamic steward, in search of a new host, has showed up at your court. Well versed in the way of coin from his time in Bordeaux, there is no denying his administrative capability. He would make a fine steward.;;;;;;;;;;;;;x
EVTDESC_islamate3;An Islamic scholar, fleeing persecution elsewhere near France, has showed up at your court. His time spent abroad in the libraries of the ancient university have made him a great and wise teacher.;;;;;;;;;;;;;x
EVTDESC_islamate4;An Islamic courtier, fleeing persecution elsewhere near France, has showed up at your court. He seems to know a lot about you, even things that you do not necessarily want others to know, which is impressive for a man you have never met. We may have use of him.;;;;;;;;;;;;;x
EVTDESC_islamate5;An Islamic musician, in search of a new host, has showed up at your court. Combining the famous melodies of the France with traditional Islamic nasheeds, his music is unlike anything you have ever heard before. We may have use of him.;;;;;;;;;;;;;x
EVTDESC_islamate6;An Islamic courtier, fleeing persecution elsewhere near France, has showed up at your court. His time spent treating and caring for his community has earned him a respectable career as a physician among his community.;;;;;;;;;;;;;x
EVTDESC_islamate7;An Islamic general, in search of a new host, has showed up at your court. Providing to you a valuable insight to the ancient Regiment Trainings of the the ancient Jannisary Order.;;;;;;;;;;;;;x
muslim_courtier_tooltip;A Muslim Courtier of much talent joins you...;;;;;;;;;;;;;x
EVTDESC_islamate8;An Islamic physician, in search of a new host, has showed up at your court. He is well versed in Islamic theories of medicine, but his community has expelled him for reasons he refuses to elaborate on. We may have use of him.;;;;;;;;;;;;;x
### NAQSHBANDI JIHAD EVENT ###
EVTNAME39670;The Naqshbandi Jihads;;;;;;;;;;;;;x
EVTDESC39670;After much discussion and debate by the ulama, his Magnificence, [d_naqshbandi.Holder.GetTitledFirstName] has been conviced that it is time to declare another era of great conquests, as in the days of the first Caliphs. The Dar al-Islam must grow again. All righteous Naqshbandi men should prepare to join the ranks of the ghazi for the upcoming struggles. This signals a new era of Naqshbandi expansion.;;;;;;;;;;;;;x
EVTDESC39671;The Holy city of Istanbul, where the great Sultans ruled the Sublime State of old, has fallen to infidels! His Magnificence, [d_naqshbandi.Holder.GetTitledFirstName] will not let this stand, and has declared that another era of great conquests is upon us, as in the days of the first Caliphs. The Dar al-Islam must be defended! All righteous Naqshbandi men should prepare to join the ranks of the ghazi for the upcoming struggles. This signals a new era of Naqshbandi expansion.;;;;;;;;;;;;;x
EVTDESC39673;A mighty empire has arisen in Anatolia, as was in the days of old. In light of these fortunate tidings, his Magnificence, [d_naqshbandi.Holder.GetTitledFirstName] has been conviced that it is time to declare another era of great conquests, as in the days of the first Caliphs. The Dar al-Islam must grow again. All righteous Naqshbandi men should prepare to join the ranks of the ghazi for the upcoming struggles. This signals a new era of Naqshbandi expansion.;;;;;;;;;;;;;x
EVTOPTA39670;Allahu Akbar!;;;;;;;;;;;;;x
EVTOPTB39670;Interesting..;;;;;;;;;;;;;x
EVTOPTC39670;Blasted Heathens!;;;;;;;;;;;;;x

### SUNNI MUSLIM EVENTS ###;;;;;;;;;;;;;;
EVTNAME_islamate32;A Unified Front;;;;;;;;;;;;;x
EVTDESC_islamate32;With the core of the Islamic world firmly under your control, and the representatives of the various Sunni movements formed after the time of the Disaster at your table, you begin. You give a long argument why the world fell into the chaos it did - largely in part because there was no defender of the faith - and make a passionate plea that, together, the Sunni faithful would survive better than divided by innovations and beset by polytheists, idolaters, and those who do not worship God. Slowly, the council turns in your favor, the Grand Mufti nods in agreements first, and reccomends you take the mantle of Caliph. By the end of the meeting, a landmark event has happened, as most of the Sunni faithful now recognize the unity of the People of the Prophet's Tradition once more.;;;;;;;;;;;;;x

### HAJJ REWRITEN EVENT ###
EVTTITLE_HAJJ;Performing the Hajj;;;;;;;;;;;;;x
hajj90indian;A long journey indeed...;;;;;;;;;;;;;x
EVTDESC_hajj201;Every Pious Muslim must at least complete the Hajj to the Great City of [c_mecca.GetName] once in the thier life. Home to the myriad of important activities whose traditions have existed since the ancient times before the Event. As you embark on this journey, you can't help but watch your home fade into the distance, stately matters can wait, for you are have higher things to attend to.;;;;;;;;;;;;;x
EVTTITLE_HAJJ;Performing the Hajj;;;;;;;;;;;;;x
EVTTITLE_IHRAM;Donning an Ihram;;;;;;;;;;;;;x
EVTTITLE_TAWAF;Tawaf around the Kaaba;;;;;;;;;;;;;x
EVTTITLE_SAI;Seeking Sa'i;;;;;;;;;;;;;x
EVTTITLE_WUQUF;Wuquf on Jabal Arafat;;;;;;;;;;;;;x
EVTTITLE_RAMY_ALJAMARAT;Ramy al-Jamarat;;;;;;;;;;;;;x
EVTTITLE_EID_ALADHA;Eid al-Adha;;;;;;;;;;;;;x
EVTTITLE_HAJJ_HOME;Completion of the Hajj;;;;;;;;;;;;;x

EVTTITLE_TROUBLE_AHMADI;A Small Barrier;;;;;;;;;;;;;x
HAJJ97DESC;As you approach the hallowed cities of [c_mecca.GetName] and [c_medina.GetName], the representative of the Amir al-Hajj acting for the local rulers are typically seen as a standard practice for the protection of the Hajj for all Muslims, though on this occassion the guards turn to you to exclaiming "My brother, you appear to be from a distant land, I have but one request for you...", you look around the crowd before turning to the representative, "...an affirmation that the Prophet, bless be upon him, recieved the final revelation.";;;;;;;;;;;;;x
HAJJOPTA_97;You retort that Ahmad is the Madhi...;;;;;;;;;;;;;x
HAJJOPTA_97_TT;You hold true to belief but this act has greatly displeased the representative...;;;;;;;;;;;;;x
HAJJOPTB_97;"Brother, indeed bless be upon him";;;;;;;;;;;;;x
HAJJOPTB_97_TT;You conceal you belief hoping you sound genuine enough to the representative...;;;;;;;;;;;;;x
HAJJOPTC_97;Give your Affirmation and be on your way...;;;;;;;;;;;;;x

EVTTITLE_HAJJ_FORCED_HOME;An Abrupt End...;;;;;;;;;;;;;x
HAJJ98DESC;You were quickly escorted out of the trail by the guards as you were sent packing back whence you came. A disappointment that you weren't able to fully experience the Hajj but perhaps its just part of life, true to faith you only wish your fellow brothers could see it...;;;;;;;;;;;;;x
HAJJ98OPTA;Steady my heart, a lost yearning unanswered.;;;;;;;;;;;;;x

### ZIYARA EVENT ###
EVTTITLE_ZIYARA;A Trip to the Shrines;;;;;;;;;;;;;x
EVTDESC_hajj200;The Islamic World is a wide and diverse place. Having a rich history of blessed shrines, mosque and other features that can be just as important as the conducting the Hajj to [c_mecca.GetName]. Whether it be for shrines of the Walis or the dedications to the Prophet Muhammad, his family and companions, as a pious Muslim you may visit these blessed places anytime...;;;;;;;;;;;;;x
EVTOPTA_ZIYARA_ALAQSA;To the City of Yusuf and Musa, I go!;;;;;;;;;;;;;x
EVTOPTB_ZIYARA_ALBAQI;To the Blessed City of the Prophet, I go!;;;;;;;;;;;;;x
EVTOPTC_ZIYARA_UMAYYAD_MOSQUE;To the City of the Martyrs, I go!;;;;;;;;;;;;;x
EVTOPTD_ZIYARA_ROZ_BAL;To a proud Ghazi resting place, I go!;;;;;;;;;;;;;x

EVTDESC_hajjtoalaqsa;Whilst Mecca and Medina hold great religious significance to all pious Muslims, there are plenty of other sites to visit. Al-Aqsa is particularly for its location in the city of al-Quds, the Holy city of Yusuf and Musa.;;;;;;;;;;;;;x
EVTDESC_hajjtoalbaqi;Whilst Mecca may be the more blessed city, there are plenty of other sites to visit. Such as the City of the Prophet, Al Madinah and the resting place of his companions and family, Al-Baqi'.;;;;;;;;;;;;;x
EVTDESC_hajjtoumayyadmosque;Whilst Mecca and Medina hold the greatest religious significance to all Muslims, there are plenty of other sites to visit. For the faithful of Ahlus-Sunnah, the Great Mosque of Damascus built by the Umayyad Caliphs is one such site.;;;;;;;;;;;;;x
EVTDESC_hajjtorozabal;Whilst Mecca and Medina hold the greatest religious significance to all Muslims, there are plenty of other sites to visit. For the faithful who reside in the Subcontinent, the sublime Tomb of Rozabal is one such site.;;;;;;;;;;;;;x
EVTOPT_hajjtocity;All are equal in front of God!;;;;;;;;;;;;;x

EVTTITLE_HAJJALAQSA;A Blessed Trip to al-Quds;;;;;;;;;;;;;x
EVTDESC_hajj4;The city of al-Quds is the location of a great holy site to the [Root.Religion.GetName] faith. The silver-domed mosque of al-Aqsa was built by the noble caliph Umar ibn al-Khattab, whose successors have tirelessly expanded the magnificent complex that you behold. al-Quds in general is regarded often as the third most blessed city of all of Islam, and home to the Haram al-Sharif a raised platform that is revered by all people of the Book. The blessed lands this mosque was built upon remained according to legends miraculously unscathed by the Event, and to this millions of devotees continue to pray in its ancient halls.;;;;;;;;;;;;;x
EVTOPT_hajj4;To al-Quds we depart!;;;;;;;;;;;;;x

EVTTITLE_HAJJALBAQI;A Blessed Trip to Al Madinah;;;;;;;;;;;;;x
EVTDESC_hajj5;The City of the Prophet Muhammad (SAWS) the last prophet of God Almighty. The city of Al Madinah is a popular location for pious Muslims to contemplate on the life of the prophet. Away from bustles of the city proper is the hallowed grounds of Al-Baqi' believed to be the final resting place for many of Muhammad's relatives and companions. A somber reminder of his sacrifices for the LORD.;;;;;;;;;;;;;x
EVTOPT_hajj5;May we live as he did, pious and true!;;;;;;;;;;;;;x

EVTTITLE_HAJJUMAYYADMOSQUE;A Blessed Trip to Damascus;;;;;;;;;;;;;x
EVTDESC_hajj6;The City of the Caliphs of the Umayyad Caliphate, of Salahuddin, and of all other heroes from time immemorial. The famed masjid, standing tall and proud in the face of the Disaster and the faithful of the city are always pleased by its sight.;;;;;;;;;;;;;x
EVTOPT_hajj6;To Damascus we depart!;;;;;;;;;;;;;x

EVTTITLE_HAJJROZABAL;A Blessed Trip to Srinagar;;;;;;;;;;;;;x
EVTDESC_hajj143;The City of Srinagar, seized by the valiant Shah Mir, has been a hub of sufi mystics and other wise sages who walk among the people of the Subcontinent. Some claim that in the times long consigned to myth that a great teacher once spread the word of God in these lands long before the time of the Prophet.;;;;;;;;;;;;;x
EVTOPT_hajj143;To Srinagar we depart!;;;;;;;;;;;;;x

EVTDESC_hajjhadith;As you stop for camp one evening, you notice that an old man in poor clothing has made camp at the same place. The man offers to tell you a hadith he has if you can spare him some bread.;;;;;;;;;;;;;x
EVTOPT_hajjhadithyes;Listen to the old man.;;;;;;;;;;;;;x
EVTOPT_hajjhadithno;It is just an old man...;;;;;;;;;;;;;x
TOOLTIP_LISTEN_TO_HADITHHAJJ;You listen carefully to the old man's hadith.\n;;;;;;;;;;;;;x

EVTDESC_hajj26;You have arrived in the city of al-Quds, home of the Haram esh-Sharif. But spending time in the city has been quite eye-opening. Here there are men of all sorts of different creeds. In your inn, the theological talkings of a Jewish rabbi and Christian theologian catches your ear.;;;;;;;;;;;;;x
EVTOPT_hajjtolerantalaqsa;The people of the book share the same God as us, no? Let us discuss...;;;;;;;;;;;;;x
EVTOPT_hajjzealousalaqsa;If only they saw the only way to revere the Greatest.;;;;;;;;;;;;;x
EVTDESC_hajj27;You have arrived in the city of al-Quds in all of its wonder. The marvelous hustle and bustle of the city is almost overwhelming, as men and women of every creed and color walk the streets around you. Shocking you back into reality is a young girl shaking your leg. She explains she is without family, and any money helps.;;;;;;;;;;;;;x
EVTOPT_hajjpooralaqsa;Take this and go.;;;;;;;;;;;;;x
EVTOPT_hajjnopooralaqsa;I am nobility, you commoner swine! Unhand me at once!;;;;;;;;;;;;;x
EVTTITLE_HAJJALAQSAARRIVED;The Silver-Domed Mosque;;;;;;;;;;;;;x
EVTDESC_hajjalaqsashrine;You have spent quite some time in The Holy City of many great prophets of the God Almighty, making small talk with local aristocracy, and the time has come for you to fulfill the purpose of this pilgrimage. Dismounting a carriage, the hustle and bustle of Ancient City seemed to give way to the tranquility of mosque splendid floral patterns above you. An old man in black robes greets you, his clothing the hallmark of the local mufti of al-Quds. He bows respectfully. "Come," ushering you to join him in the midday prayer. As you step through its hallowed doors, you make way to the common praying area. All men are equal before God.";;;;;;;;;;;;;x
EVTOPT_hajjalaqsashrine1;I bow my head in prayer.;;;;;;;;;;;;;x
EVTDESC_hajjalaqsahome;Walking back through the familiar gates of my castle, I can't help but feel fulfilled. I have travelled across the land, and returned a changed man. Before Allah, all men are indeed equal.;;;;;;;;;;;;;x
EVTOPT_hajjalaqsahome;There is no god but Allah, and Mohammad is his messenger!;;;;;;;;;;;;;x

EVTDESC_hajj32;You have arrived in the city of Al Madinah in all of its wonder. The marvelous hustle and bustle of the city is almost overwhelming, as men and women of every creed and color walk the streets around you. Suddenly knocking you out of contemplation is the cry of a streetside vendor with a strong Ivri accent, a peculiar scroll in his hands;;;;;;;;;;;;;x
EVTOPT_hajjpoetrycraftalbaqi;What a magnificent piece! How much does it cost?;;;;;;;;;;;;;x
EVTOPT_hajjnopoetryalbaqi;The poets of my court can do better.;;;;;;;;;;;;;x
EVTDESC_hajj33;"You have arrived in the city of Al Madinah, City of the Prophet. As you approach the hallowed grounds, a bookish merchant glances up from behind a small stand. "Traveller! Come forth and browse my wares, the finest the old-world can offer.";;;;;;;;;;;;;x
EVTOPT_quranalbaqi;That Quran must be ancient! A wondrous addition to my collection.;;;;;;;;;;;;;x
EVTOPT_qurannoalbaqi;One does not need such frivolous relics to praise God.;;;;;;;;;;;;;x
EVTTITLE_HAJJALBAQIARRIVED;The Hallowed Grounds of Al-Baqi';;;;;;;;;;;;;x
EVTDESC_hajj34;"You did not know quite what to expect when setting off on this grand journey, but stillness of Al-Baqi' was a certainly a surprise to you. It was no opulent display or mosque, simply a ground for where the dead now reside. Wandering through the markers said to be the final resting places of the Prophet's Family and Companions, I found myself contemplating the many great sacrifices of Muhammad (SAWS) surrounded by dozens of other pilgrims. As the world drifted further away a voice catches you from a distance. "You must be the [Root.GetTitle] of [Root.PrimaryTitle.GetName], it calls to me. "Tell me, how do your people of [Root.Capital.GetName] follow the example of Muhammad...";;;;;;;;;;;;;x
EVTOPT_hajjhot;You answer to the best of your ability...;;;;;;;;;;;;;x
EVTDESC_hajjalbaqihome;Walking back through the familiar gates of my castle, I can't help but feel fulfilled. I have travelled across the land, and returned a changed man. Before Allah, all men are indeed equal.;;;;;;;;;;;;;x
EVTOPT_hajjalbaqihome;There is no god but Allah, and Mohammad is his messenger!;;;;;;;;;;;;;x

EVTDESC_hajj37;You have arrived in the city of Damascus, the gem of Syria. You walk through the Hamidiyeh souk, taking in all of its wonder. The marvelous hustle and bustle of the city is almost overwhelming, as men and women of every creed and color walk the famed neighborhoods, who’s doors and the events behind them are objects of legends. Suddenly knocking you out of contemplation is the cry of a vendor with a strong Shami accent, a gleaming sword in his hands.;;;;;;;;;;;;;x
EVTOPT_hajjdamascussteel;What a magnificent sword! How much does it cost?;;;;;;;;;;;;;x
EVTOPT_hajjnodamascussteel;The swordsmiths of my court can do better.;;;;;;;;;;;;;x
EVTDESC_hajj38;You have arrived in the city of Damascus, City of the Umayyad Caliphs. As you approach the great and ancient mosque, a robust merchant glances up from behind a small stand near the entrance of the massive Souk. "Traveller! Come forth and browse my wares, the finest in all Sham.";;;;;;;;;;;;;x
EVTOPT_damascusprayermat;These designs are remarkable, perhaps more than those of the tribes of Turks.;;;;;;;;;;;;;x
EVTOPT_nodamascusprayermat;One does not need these distracting patterns to praise God.;;;;;;;;;;;;;x
EVTTITLE_HAJJUMAYYADMOSQUEARRIVED;The Great Umayyad Mosque;;;;;;;;;;;;;x
EVTDESC_hajj39;As you make your way through the bustling streets of Dimashq, the Athan sounds loudly, calling the faithful to prayer in the mosque. You make your way to pray alongside the other congregates. The Imam of Dimashq heading the prayer walks between the great pillars that hold the renovated dome. After the group prayer, he gives a khutbah, lamenting the great sacrifice of faith that all Muslims commit in the name of the One God, ending his lecture with a reminder to be always just.;;;;;;;;;;;;;x
EVTOPT_hajjum;May our sacrifices not be in vain.;;;;;;;;;;;;;x
EVTDESC_hajjumayyadmosquehome;Walking back through the familiar gates of my castle, I can't help but feel fulfilled. I have travelled across the land, and returned a changed man. Before Allah, all men are indeed equal.;;;;;;;;;;;;;x
EVTOPT_hajjumayyadmosquehome;There is no god but Allah, and Mohammad is his messenger!;;;;;;;;;;;;;x


EVTDESC_hajj145;The City of Srinagar has always been a city of mystics even in the times before the word of the prophet came to be well-known in these far flung lands from whence they came. It is said that the city was home to powerful sage-kings like the legendary Yuzasaf who died in the name of Allah upon the hills of Kashmir. the Sufi mystics in these lands recite this ancient tales as a one of the many stories with wise teachings as is the custom among their circles.;;;;;;;;;;;;;x
EVTOPT_hajjssufimysteries;I will hear your words.;;;;;;;;;;;;;x
EVTOPT_hajjnosufimysteries;I have better things in this life...;;;;;;;;;;;;;x
EVTDESC_hajj146;A beggar came before you requesting your kind patronage, this is a common thing in Srinagar where wise aestheics would go to great lengths to find answers within the divine even among those that don't heed the book like our wayward brothers.;;;;;;;;;;;;;x
EVTOPT_hajjkindpatron;It is my duty as a pious muslim.;;;;;;;;;;;;;x
EVTOPT_hajjzealous;A heathen? , a pity indeed.;;;;;;;;;;;;;x
EVTTITLE_HAJJROZABALARRIVED;The Tomb of Roza Bal;;;;;;;;;;;;;x
HAJJ147_AHMADI;As you make your way through the bustling streets of Srinagar, Among the hustle and bustle is a shrine worn by time. It is said that this shrine is the resting place of the nabi-Isa, son of Maryam, as told by Mahdi Ahmad for whence our creed descended from. Srinagar there for holds great significance to the understanding of the ancient revelations brought in by the Event which renewed the world as Madhi Ahmad predicted. Let us hope that by piously observing the sacrifices of past nabi that we will be closer to the truth in the heart and light of God.;;;;;;;;;;;;;x
HAJJ147_NOT_AHMADI;As you make your way through the bustling streets of Srinagar, among the hustle and bustle is a shrine worn by time. The great ghazi Yuz Asaf fought for the faith in the hills of Kashmir in the name of the faith. Stories claim other saints walked among the people of Kashmir like that of the proud Mir Sayyid Naseeruddin and Shah Mir who guided the people wisely.;;;;;;;;;;;;;x
EVTOPT_hajjrozabal;May your sacrifices not be in vain.;;;;;;;;;;;;;x
EVTOPT_hajjtolerantrozabal;May your sacrifice be remembered.;;;;;;;;;;;;;x
EVTDESC_hajjrozabalhome;Walking back through the familiar gates of my castle, I can't help but feel fulfilled. I have travelled across the land, and returned a changed man. Before Allah, all men are indeed equal.;;;;;;;;;;;;;x
EVTOPT_hajjrozabalhome;There is no god but Allah the Light!;;;;;;;;;;;;;x

### ASHURA EVENT ###
celebrate_ashura;Commemorate Ashura;;;;;;;;;;;;;x
celebrate_ashura_desc;Ashura commemorates the martyrdom of Hussayn ibn Ali, grandson of the Prophet, in a battle against the tyrannical Caliph Yazid on the plains of Karbala. Ashura is one of the most important holy days in Shia Islam, and its commemmoration among the faithful has survived until the present day.;;;;;;;;;;;;;x
ashura_decision;You begin commemmorating Ashura.;;;;;;;;;;;;;x
ashura_timer;Recently Commemmorated Ashura;;;;;;;;;;;;;x
EVTDESC_ashura_1;The month of Muharram approaches - and with it, the solemn reminder of Ashura. The revolution of the third Imam, Hussayn, Alayhi Salam, will not be forgotten and will not go in vain. The struggle on Karbala's plain has ignited a flame that will forever remain!;;;;;;;;;;;;;x
EVTOPTA_ashura_1;Labayka ya Hussayn!;;;;;;;;;;;;;x
TXT_ashura_begins;You begin commemmorating Ashura.;;;;;;;;;;;;;x
EVTDESC_ashura_2;The anniversary of the first day of the battle in Karbala has arrived, and with it, mourners in black flock the streets. As you watch a Taziya reenactment of the battle, you contemplate to yourself the virtue of righteous resistance. The Imam was truly brave to fight against the tyrant of his time.;;;;;;;;;;;;;x
EVTOPTA_ashura_2;Death with dignity is better than life with humiliation.;;;;;;;;;;;;;x
EVTOPTB_ashura_2;Better to live and fight another day, in my opinion.;;;;;;;;;;;;;x
EVTDESC_ashura_3;Soon after the events at Karbala, a curious tradition of self-flagellation, or Tatbir, grew among some more zealous Shi'a. A theological debate has broken out before you, as scholars argue whether or not Tatbir is permissible - self-damage is usually considered haram, but some stubbornly adhere to the tradition.;;;;;;;;;;;;;x
EVTOPTA_ashura_3;I will join the mourners myself!;;;;;;;;;;;;;x
EVTOPTB_ashura_3;Tatbir is a problematic practice, and so I must ban it.;;;;;;;;;;;;;x
EVTDESC_ashura_4;On this ninth day, several prominent events occurred - the Tyrant's army besieged the Imam and his companions in Karbala, and preparations for battle were made. Many of the faithful go to Mosques and engage in charity - perhaps you should, as well.;;;;;;;;;;;;;x
EVTOPTA_ashura_4;Make it so - distribute alms to the poor.;;;;;;;;;;;;;x
EVTOPTB_ashura_4;I am indisposed.;;;;;;;;;;;;;x
EVTDESC_ashura_5;"The tenth day of Muharram is here, and commemoration reaches a high point. On this day, the Imam, most of his family, and all of his companions were martyred by the forces of The Tyrant. Though the sacrifice at Karbala happened long ago, its lessons are learned from even to this day. Your thoughts are interrupted by a large shout, as the crowd chants ""Ya Hussayn!""";;;;;;;;;;;;;x
EVTOPTA_ashura_5;Every day is Ashura, every land is Karbala.;;;;;;;;;;;;;x
EVTDESC_ashura_6;It has been forty days since the commemoration of Ashura. Traditionally, many would make a pilgrimage to the shrine of the Imam, but as this is unfeasible, many of the devout choose to fast on this day in final commemoration.;;;;;;;;;;;;;x
EVTOPTA_ashura_6;I will join the fast.;;;;;;;;;;;;;x
EVTOPTB_ashura_6;I do not think that is necessary.;;;;;;;;;;;;;x
EVTOPTC_ashura_6;I cannot fast - I am at war!.;;;;;;;;;;;;;x
EVTDESC_ashura_7;Unfortunately, war has come to your realm in the middle of Ashura. All commemmorations must cease immediately.;;;;;;;;;;;;;x

###GHAZI GOVERNMENT###
ghazi_elective;Ghazi Elective;;;;;;;;;;;;;x
succ_ghazi_elective;Ghazi Elective;;;;;;;;;;;;;x
succ_ghazi_elective_desc;Voted on by their skill and prestige as a military commander, the successor of the realm will be voted on by the council and the ruler.;;;;;;;;;;;;;x

ghazi_government_baron;Wali;;;;;;;;;;;;;x
ghazi_government_baron_female;Wali'a;;;;;;;;;;;;;x
ghazi_government_barony_of;Madinat of;;;;;;;;;;;;;x
ghazi_government_barony;Madinat;;;;;;;;;;;;;x
ghazi_government_count;Hakim;;;;;;;;;;;;;x
ghazi_government_count_female;Sayyida;;;;;;;;;;;;;x
ghazi_government_county_of;Wilayat of;;;;;;;;;;;;;x
ghazi_government_county;Wilayat;;;;;;;;;;;;;x
ghazi_government_county;Wilayat;;;;;;;;;;;;;x
ghazi_government_duke;Wali;;;;;;;;;;;;;x
ghazi_government_duke_female;Walia;;;;;;;;;;;;;x
ghazi_government_duchy;Dawlat;;;;;;;;;;;;;x
ghazi_government_duchy_of;Dawlat of;;;;;;;;;;;;;x
ghazi_government_king;Amir;;;;;;;;;;;;;x
ghazi_government_king_female;Amira;;;;;;;;;;;;;x
ghazi_government_kingdom_of;Emirate of;;;;;;;;;;;;;x
ghazi_government_kingdom;Emirate;;;;;;;;;;;;;x
ghazi_government_emperor;Sultan;;;;;;;;;;;;;x
ghazi_government_emperor_female;Sultana;;;;;;;;;;;;;x
ghazi_government_empire_of;Sultanate of;;;;;;;;;;;;;x
ghazi_government_empire;Sultanate;;;;;;;;;;;;;x

ghazi_government;Ghazwa;;;;;;;;;;;;;x
ghazi_government_desc;The Ghazwa form of government is built upon the tenets of holy war and conquest. Although loosely based on feudalism, Ghazi rulers are able to hold temple holdings and can keep their vassal levies raised for as long as they would like. If you switch from a Muslim faith, your government type will switch to Feudal.;;;;;;;;;;;;;x
gov_noble_ghazi_state;Noble Ghazwa State;;;;;;;;;;;;;x
gov_elective_ghazi_state;Elective Ghazwa State;;;;;;;;;;;;;x
gov_islamic_republic;Islamic Republic;;;;;;;;;;;;;x
gov_ghazi_caliphate;Ghazwa Caliphate;;;;;;;;;;;;;x

tooltip_imperial_vote_strength_ghazi_martial;[Root.GetFirstName] is a brilliant §YGeneral§!;;;;;;;;;;;;;x

###DIWAN GOVERNMENT###
diwan_government_baron;Wali;;;;;;;;;;;;;x
diwan_government_baron_female;Wali'a;;;;;;;;;;;;;x
diwan_government_barony_of;Madinat of;;;;;;;;;;;;;x
diwan_government_barony;Madinat;;;;;;;;;;;;;x
diwan_government_count;Hakim;;;;;;;;;;;;;x
diwan_government_count_female;Sayyida;;;;;;;;;;;;;x
diwan_government_county_of;Wilayat of;;;;;;;;;;;;;x
diwan_government_county;Wilayat;;;;;;;;;;;;;x
diwan_government_county;Wilayat;;;;;;;;;;;;;x
diwan_government_duke;Wali;;;;;;;;;;;;;x
diwan_government_duke_female;Walia;;;;;;;;;;;;;x
diwan_government_duchy_of;Dawlat of;;;;;;;;;;;;;x
diwan_government_duchy;Dawlat;;;;;;;;;;;;;x
diwan_government_duchy;Dawlat;;;;;;;;;;;;;x
diwan_government_king;Amir;;;;;;;;;;;;;x
diwan_government_king_female;Amira;;;;;;;;;;;;;x
diwan_government_kingdom_of;Emirate of;;;;;;;;;;;;;x
diwan_government_kingdom;Emirate;;;;;;;;;;;;;x
diwan_government_emperor;Sultan;;;;;;;;;;;;;x
diwan_government_emperor_female;Sultana;;;;;;;;;;;;;x
diwan_government_empire_of;Sultanate of;;;;;;;;;;;;;x
diwan_government_empire;Sultanate;;;;;;;;;;;;;x

gov_exalted_diwan_state;Sublime Diwan State;;;;;;;;;;;;;x

diwan_government;Diwan;;;;;;;;;;;;;x
diwan_government_desc;The Sublime Diwan government represents the establishment of a great Muslim empire. The Diwan is a powerful council of advisors who advise the Sultan, representing both the standing military and the imperial bureaucracy. Most of the governors and vassals of realms are appointed by the Sultan and his council rather than being passed down within a noble dynasty. If you switch from a Muslim faith, your government type will switch to Feudal or Imperial depending on Rank.;;;;;;;;;;;;;x

familial_elective;Familial Council;;;;;;;;;;;;;x
succ_familial_elective;Familial Council;;;;;;;;;;;;;x
succ_familial_elective_desc;Based off ancient customs, powerful leaders are voted among a quorum of their family whose interests are varied and sometimes petty but ultimately serves to enrich the family clan and their realm.;;;;;;;;;;;;;x

###IBADI IMAMATE GOVERNMENT###;;;;;;;;;;;;;;
ibadi_imamate;Imamate;;;;;;;;;;;;;x
ibadi_imamate_desc;In the Ibadi Tradition, the Imamate represents the supreme spiritual and secular authority of an Muslim Community but unlike Sunni or Shia concepts of the Caliph and Madhi, are not predicated on the line of descent of the Prophet and the Quraysh Tribe, instead relying on an Imam's role and capabilities in understanding fiqh (Islamic Juriprudence) and defending ones community through military prowess. As such a paramount Imam must be the exemplifier of these qualities lest they incur the scorn of their community for not upholding their sacred duty. If one were to break this sacred duty, they may be replace by a much more capable Imam...;;;;;;;;;;;;;x

gov_ibadi_imamate;Sublime Imamate;;;;;;;;;;;;;x

imamate_elective;Imamate Elective;;;;;;;;;;;;;x
succ_imamate_elective;Imamate Elective;;;;;;;;;;;;;x
succ_imamate_elective_desc;Voted on by their skill and prestige as a military commander and a learnt scholar of fiqh, the successor of the realm will be voted on by the council and the ruler.;;;;;;;;;;;;;x

### MUSLIM DECISIONS ###
pilgrimage_to_muslim_shrines;Visit the Shrines;;;;;;;;;;;;;x
pilgrimage_to_muslim_shrines_desc;Perhaps an excellent way to show devotion to my faith would be to visit one of its holy sites.;;;;;;;;;;;;;x
hajj_to_mecca;Perform the Hajj;;;;;;;;;;;;;x
hajj_to_mecca_desc;Perhaps an excellent time for you to conduct the Hajj to Makkah and perform the circuit around the Ka'bah.;;;;;;;;;;;;;x
become_alevi;Become Alevi;;;;;;;;;;;;;x
become_alevi_desc;If you wish to delve further into the mystic nature of Batin, perhaps it would be best that you connect with an Alevi Mystic and join thier rituals.;;;;;;;;;;;;;x
reform_sunni_islam;Call the Imams to council!;;;;;;;;;;;;;x
reform_sunni_islam_desc;Call your Imams to begin reconciling the differences of your fellow brother and form a more harmonious union, Ahlus-Sunnah wal'Jamaah.;;;;;;;;;;;;;x
delve_into_tasawwuf;Delve into Tasawwuf;;;;;;;;;;;;;x
delve_into_tasawwuf_desc;The mysteries of Tasawwuf and the "Inward Dimension" to the Devotion to Allah have been of great interest to you, that perhaps joining one of the many sufi orders could help you understand these mystical connections as a Pious Muslim.";;;;;;;;;;;;;x

### TAWIZ DECISION AND EVENT ###
commission_tawiz;Commission a Tawiz;;;;;;;;;;;;;x
commission_tawiz_desc;Commission a tawiz, a small amulet of luck that brings protection from the unseen world.;;;;;;;;;;;;;
EVTDESC_islamate_41;I have decided to commission a tawiz, a lucky amulet that will offer me protection from djinns, demons, and the unseen world in general. As such, I shall wear it close to my heart when I will go on hajj. Though it would normally be a minor trinket that any Muslim should have the funds for, I am a [Root.GetTitle] and as such may afford more than a trinket.;;;;;;;;;;;;;x
EVTOPTA_islamate_41;Summon a jewelsmith!;;;;;;;;;;;;;x
TXT_EVTOPTA_islamate_41;You will receive your commissioned tawiz soon.
EVTDESC_islamate_43;After some wait, I have finally received my tawiz, and I can see it was worth every coin! The artifact is beautifully engraved with verses from the Quran, and it shall protect me faithfully.;;;;;;;;;;;;;x
EVTOPTA_islamate_43;I shall wear it close to my heart!;;;;;;;;;;;;;x
EVTDESC_islamate_44;After some wait, I have finally received my tawiz, and it is precisely what I asked for, no more, no less. While nothing exceptional, it is engraved with Quranic verses shall still protect me faithfully.;;;;;;;;;;;;;x
EVTOPTA_islamate_44;I shall wear it close to my heart!;;;;;;;;;;;;;x
EVTDESC_islamate_45;After some wait, I have finally received my tawiz, and all I can say is that it is a disappointment. Though the craftsmanship is nothing to sneer at, the verses inscribed on it were ill-chosen, and I have been informed they may be considered shirk...;;;;;;;;;;;;;x
EVTOPTA_islamate_45;I shall wear it close to my heart still.;;;;;;;;;;;;;x
### JOIN JAMIA DECISION AND EVENT ###;;;;;;;;;;;;;;
join_jamia;Join a Jamia;;;;;;;;;;;;;
join_jamia_desc;Join one of several Naqshbandi brotherhoods.;;;;;;;;;;;;;x
EVTDESC_join_jamia_1;As a Naqshbandi ruler, I may choose to join one of the three main Naqshbandi jamiats, or brotherhoods. But which shall I pick, Iskenderpasha, Ismailagha or Mujaddidi? I should keep in mind my choice may be disliked - or approved - by other Naqshbandis.;;;;;;;;;;;;;x
EVTOPTA_join_jamia_1;Aristocratic Iskenderpasha.;;;;;;;;;;;;;x
EVTOPTB_join_jamia_1;Popular Ismailagha.;;;;;;;;;;;;;x
EVTOPTC_join_jamia_1;Orthodox Mujaddidi.;;;;;;;;;;;;;x
change_jamia;Change Jamia;;;;;;;;;;;;;x
TXT_change_jamia;You will be able to choose a new Jamia.;;;;;;;;;;;;;x
change_jamia_desc;One may choose to join a new Naqshbandi brotherhood, but only once per lifetime.;;;;;;;;;;;;;x
EVTDESC_join_jamia_2;As a Naqshbandi ruler, I may choose once to change which of the three main Naqshbandi jamiats, or brotherhoods, I belong to. But which shall I pick? I should keep in mind my choice may be disliked - or approved - by other Naqshbandis.;;;;;;;;;;;;;x
EVTOPTA_join_jamia_2;Aristocratic Iskenderpasha.;;;;;;;;;;;;;x
EVTOPTB_join_jamia_2;Popular Ismailagha.;;;;;;;;;;;;;x
EVTOPTC_join_jamia_2;Orthodox Mujaddidi.;;;;;;;;;;;;;x
EVTOPTD_join_jamia_2;On second thoughts, my current jamia is fine.;;;;;;;;;;;;;x

### MISC ###
ancient_quran;Ancient Quran;;;;;;;;;;;;;x
ancient_quran_desc;Brittle to the touch, this Quran has survived hundreds of years, its origins pre-Event.;;;;;;;;;;;;;x
prayer_mat;Ancient Prayer Mat;;;;;;;;;;;;;x
prayer_mat_desc;This prayer mat is finely crafted, with the precision of pre-Event fabrication.;;;;;;;;;;;;;x

faqih_opinion;Faqih Opinion;;;;;;;;;;;;;x
ibadi_opinion;Ibadi Opinion;;;;;;;;;;;;;x
ruhi_opinion;Ruh'i Opinion;;;;;;;;;;;;;x
naqshbandi_opinion;Naqshbandi Opinion;;;;;;;;;;;;;x
ahl_e_haqq_opinion;Ahl-e Haqq Opinion;;;;;;;;;;;;;x
sunni_opinion;Majlisi Opinion;;;;;;;;;;;;;x
sunnah_opinion;Ahlus Sunnah Opinion;;;;;;;;;;;;;x
ahl_as_salaf_opinion;Ahl as-Salaf Opinion;;;;;;;;;;;;;x
deobandi_opinion;Deobandi Opinion;;;;;;;;;;;;;x
barelvi_opinion;Barelvi Opinion;;;;;;;;;;;;;x
revivalist_opinion;Revivalist Opinion;;;;;;;;;;;;;x
zaydi_opinion;Zaydi Opinion;;;;;;;;;;;;;x
ismaili_opinion;Isma'ili Opinion;;;;;;;;;;;;;x
taharur_opinion;Taharur Opinion;;;;;;;;;;;;;x
hui_opinion;Hui Opinion;;;;;;;;;;;;;x
unified_sunni;Call a Great Council of Imams to rectify theological conflicts...;;;;;;;;;;;;;x
is_indian_muslim;A Muslim from the Subcontinent;;;;;;;;;;;;;x

ashura_timer;Commemorated Ashura;;;;;;;;;;;;;x
ashura_timer_desc;This Character has commemorated Ashura.;;;;;;;;;;;;;x
### DERVISH CONTENT ###;;;;;;;;;;;;;;
find_dervish;Search for a Dervish;;;;;;;;;;;;;x
find_dervish_desc;Finding a wise dervish and inviting him to your court would improve your prestige as well as give you the benefits of his sage advice.;;;;;;;;;;;;;x
EVTDESC_ruhi_dervish_3000;You have sent messengers out in all directions, their mission to try and find a wise wandering dervish and convince him to come to your court.;;;;;;;;;;;;;x
EVTOPTA_ruhi_dervish_3000;I hope they find such a person.;;;;;;;;;;;;;x
EVTDESC_ruhi_dervish_3003;My [Root.GetLordLady], the wise dervish [From.GetFirstNameWithNick] has agreed to come and take up residence at your court.;;;;;;;;;;;;;x
EVTOPTA_ruhi_dervish_3003;Excellent!;;;;;;;;;;;;;x
title_dervish;Court Dervish;;;;;;;;;;;;;x
title_dervish_desc;A dervish is a man of strong faith, practicing a strict ascetic and celibate life. He is often attributed magical powers, such as walking on water, speaking to animals, or the ability to concoct potions or magical objects.;;;;;;;;;;;;;x
EVTDESC_ruhi_dervish_3150;Your court dervish doesn't talk much. He gives strange advice and has also been caught drinking outside of Fanâ on several occasions. You are beginning to doubt that he's a real dervish.;;;;;;;;;;;;;x
EVTOPTA_ruhi_dervish_3150;I must investigate this.;;;;;;;;;;;;;x
EVTOPTB_ruhi_dervish_3150;Who cares?;;;;;;;;;;;;;x
EVTDESC_ruhi_dervish_3151;You've had your court dervish watched for several weeks. He secretly drinks and smokes herbs, he keeps sneaking out to pleasure houses in disguise, and spends the money he gets from donations on playing cards.;;;;;;;;;;;;;x
EVTOPTA_ruhi_dervish_3151;I must confront him.;;;;;;;;;;;;;x
EVTOPTB_ruhi_dervish_3151;Actually, that's my kind of dervish.;;;;;;;;;;;;;x
EVTDESC_ruhi_dervish_3152;As you confront your court dervish over his habits, he breaks down and pleads for mercy: 'I confess, I'm an impostor. Please have mercy on me - I'm just a common man trying to make a living.';;;;;;;;;;;;;x
EVTOPTA_ruhi_dervish_3152;It's the dungeons for you!;;;;;;;;;;;;;x
EVTOPTB_ruhi_dervish_3152;Leave my palace now. Your charade is over.;;;;;;;;;;;;;x
EVTDESC_ruhi_dervish_3100;Your court dervish has come to see you: 'I must speak to you of an important matter, [Root.GetLordLady] [Root.GetFirstName]... We must always seek wisdom and try to walk the righteous path in life. It is not fitting for a noble ruler to be a drunkard.' He bows and looks at you in silence.;;;;;;;;;;;;;x
EVTOPTA_ruhi_dervish_3100;I shall strive to improve.;;;;;;;;;;;;;x
EVTOPTB_ruhi_dervish_3100;Leave me alone.;;;;;;;;;;;;;x
EVTOPTC_ruhi_dervish_3100;No one speaks to me like that!;;;;;;;;;;;;;x
EVTDESC_ruhi_dervish_3101;Your court dervish has come to see you: 'I must speak to you of an important matter, [Root.GetLordLady] [Root.GetFirstName]... We must always seek wisdom and try to walk the righteous path in life. It is not fitting for a noble ruler to be such a hedonist.' He bows and looks at you in silence.;;;;;;;;;;;;;x
EVTDESC_ruhi_dervish_3102;Your court dervish has come to see you: 'I must speak to you of an important matter, [Root.GetLordLady] [Root.GetFirstName]... We must always seek wisdom and try to walk the righteous path in life. It is not fitting for a noble ruler to be known as an impaler.' He bows and looks at you in silence.;;;;;;;;;;;;;x
EVTDESC_ruhi_dervish_3103;Your court dervish has come to see you: 'I must speak to you of an important matter, [Root.GetLordLady] [Root.GetFirstName]... We must always seek wisdom and try to walk the righteous path in life. It is not fitting for a noble ruler to be so lecherous and lustful.' He bows and looks at you in silence.;;;;;;;;;;;;;x
EVTDESC_ruhi_dervish_3104;Your court dervish has come to see you: 'I must speak to you of an important matter, [Root.GetLordLady] [Root.GetFirstName]... We must always seek wisdom and try to walk the righteous path in life. It is not fitting for a noble ruler to be gluttonous.' He bows and looks at you in silence.;;;;;;;;;;;;;x
EVTDESC_ruhi_dervish_3105;Your court dervish has come to see you: 'I must speak to you of an important matter, [Root.GetLordLady] [Root.GetFirstName]... We must always seek wisdom and try to walk the righteous path in life. It is not fitting for a noble ruler to be so greedy.' He bows and looks at you in silence.;;;;;;;;;;;;;x
EVTDESC_ruhi_dervish_3106;Your court dervish has come to see you: 'I must speak to you of an important matter, [Root.GetLordLady] [Root.GetFirstName]... We must always seek wisdom and try to walk the righteous path in life. It is not fitting for a noble ruler to be consumed by envy.' He bows and looks at you in silence.;;;;;;;;;;;;;x
EVTDESC_ruhi_dervish_3107;Your court dervish has come to see you: 'I must speak to you of an important matter, [Root.GetLordLady] [Root.GetFirstName]... We must always seek wisdom and try to walk the righteous path in life. It is not fitting for a noble ruler to be so wroth.' He bows and looks at you in silence.;;;;;;;;;;;;;x
EVTDESC_ruhi_dervish_3108;Your court dervish has come to see you: 'I must speak to you of an important matter, [Root.GetLordLady] [Root.GetFirstName]... We must always seek wisdom and try to walk the righteous path in life. It is not fitting for a noble ruler to have so much pride.' He bows and looks at you in silence.;;;;;;;;;;;;;x
EVTDESC_ruhi_dervish_3109;Your court dervish has come to see you: 'I must speak to you of an important matter, [Root.GetLordLady] [Root.GetFirstName]... We must always seek wisdom and try to walk the righteous path in life. It is not fitting for a noble ruler to be so arbitrary in [Root.GetHerHis] rule.' He bows and looks at you in silence.;;;;;;;;;;;;;x
EVTDESC_ruhi_dervish_3110;Your court dervish has come to see you: 'I must speak to you of an important matter, [Root.GetLordLady] [Root.GetFirstName]... We must always seek wisdom and try to walk the righteous path in life. It is not fitting for a noble ruler to be so cynical.' He bows and looks at you in silence.;;;;;;;;;;;;;x
EVTDESC_ruhi_dervish_3111;Your court dervish has come to see you: 'I must speak to you of an important matter, [Root.GetLordLady] [Root.GetFirstName]... We must always seek wisdom and try to walk the righteous path in life. It is not fitting for a noble ruler to be so prone to cruelty.' He bows and looks at you in silence.;;;;;;;;;;;;;x
EVTDESC_ruhi_dervish_3113;Your court dervish has come to see you: 'I must speak to you of an important matter, [Root.GetLordLady] [Root.GetFirstName]... We must always seek wisdom and try to walk the righteous path in life. It is not fitting for a noble ruler to hunt innocent animals for sport.' He bows and looks at you in silence.;;;;;;;;;;;;;x
EVTDESC_ruhi_dervish_3114;Your court dervish has come to see you: 'I must speak to you of an important matter, [Root.GetLordLady] [Root.GetFirstName]... We must always seek wisdom and try to walk the righteous path in life. It is not fitting for a noble ruler to show so little trust in those around [Root.GetHerHim].' He bows and looks at you in silence.;;;;;;;;;;;;;x
has_court_dervish;Court Dervish;;;;;;;;;;;;;x
EVTDESC_ruhi_dervish_3302;[From.GetFirstNameWithNick], your court dervish, has been especially vocal about equality, charity, and asceticism. Most notably, he has expressed the view that ostentatious displays of wealth such as those of kings are inherently sinful in nature, and that you may remedy this by embracing a humbler lifestile and donating more to the subjects of your realm.;;;;;;;;;;;;;x
EVTOPTA_ruhi_dervish_3302;What nonsense!;;;;;;;;;;;;;x
EVTOPTB_ruhi_dervish_3302;You are too wise for this age, my friend.;;;;;;;;;;;;;x
EVTOPTC_ruhi_dervish_3302;Indeed you are wise. I shall donate more to charity.;;;;;;;;;;;;;x
EVTOPTD_ruhi_dervish_3302;Indeed you are wise. I shall adopt a humbler lifestyle.;;;;;;;;;;;;;x
EVTOPTE_ruhi_dervish_3302;I shall go further, and renounce all pleasures of the flesh!;;;;;;;;;;;;;x
EVTTITLE_ruhi_dervish_3402;Zikr with the Dervish;;;;;;;;;;;;;x
EVTDESC_ruhi_dervish_3402;In order to reach spiritual enlightenment and becoming a better and more virtuous person, you have been practising zikr with your dervish, [From.GetFirstNameWithNick].\n\nYou have spent many moments meditating, repeatedly chanting prayers to remember God. You contemplate the mysteries of life, chanting all the while, getting closer to visal, union in God.\n\nAnd little by little, you feel yourself overtaken by a feeling of peace.;;;;;;;;;;;;;x
EVTOPTA_ruhi_dervish_3402;La ilaha illallah!;;;;;;;;;;;;;x

#### Naziri Ismaili stuff
AGA_KHAN;Aga Khan;;;;;;;;;;;;;x
AGA_KHANUM;Aga Khanum;;;;;;;;;;;;;x

#Revivalist Event Chain (Revised from ATE)

EVTDESC_revivalist_1;Reports of a wild man preaching in [Root.PrimaryTitle.GetName] has reached you. Apparently, a fiery passionate man has been stirring trouble in an attempt to seek audience with you...;;;;;;;;;;;;;x
EVTOPTA_revivalist_1;Bring him here.;;;;;;;;;;;;;x
TXT_EVTOPTA_revivalist_1;The preacher is brought before you.;;;;;;;;;;;;;x
EVTDESC_revivalist_2;The man is brought before you. "Abdullah al-Shaykhi," he introduces himself, then quickly attempting to ingratiate himself to you. He offers his services to you — he says he was once a merchant of a neighboring realm claiming that he had uncovered hidden teachings unknown to your court about the Prophet.;;;;;;;;;;;;;x
EVTOPTA_revivalist_2;You have my curiousity...;;;;;;;;;;;;;x
EVTOPTB_revivalist_2;I have no need of him.;;;;;;;;;;;;;x
TXT_EVTOPTB_revivalist_2;Abdullah leaves your court and begins wandering your realm...;;;;;;;;;;;;;x
EVTDESC_revivalist_3;You walk into your council chambers for your daily meeting, but instead of councilors, you find scholars of all variety, with Abdullah chairing the meeting. The discussion silences as you enter, and Abdullah explains, "We're discussing matters related to the faith, my liege..." You allow them to carry on.;;;;;;;;;;;;;x
EVTOPTA_revivalist_3;Strange...;;;;;;;;;;;;;x
TXT_EVTOPTA_revivalist_3;You leave them to their business.;;;;;;;;;;;;;x
EVTDESC_revivalist_4;During a council meeting, your guard takes you aside, and he informs you of his suspicions related to Abdullah. He claims that this wise man is no simple merchant and is in fact a wanted heretic from the neighboring realm!;;;;;;;;;;;;;x
EVTOPTA_revivalist_4;Watch him closely. If you have just cause, arrest him.;;;;;;;;;;;;;x
TXT_EVTOPTA_revivalist_4;Security around the capital is tightened.;;;;;;;;;;;;;x
EVTOPTB_revivalist_4;I am sure it is nothing.;;;;;;;;;;;;;x
TXT_EVTOPTB_revivalist_4;You dismiss the report.;;;;;;;;;;;;;x
EVTDESC_revivalist_5;You and some of your court are discussing religious affairs when Abdullah walks in. He explains a theory about the nature of the world, one that is believed widely in the Maghreb. "The Great Regression is not a test, but a punishment!" He argues that the state of the world angered the Almighty, and He crushed the old order to make way for purification.;;;;;;;;;;;;;x
EVTOPTA_revivalist_5;Tell us more, Abdullah.;;;;;;;;;;;;;x
TXT_EVTOPTA_revivalist_5;Abdullah continues explaining his doctrine.;;;;;;;;;;;;;x
EVTDESC_revivalist_6;Abdullah continues on, narrating stories for hours on end. He extolls the bravery of the early Muslims — those whom he calls "rightfully guided" — and speaks of their conquests and bravery. He finishes his story by directly looking at you, and saying: "My [Root.GetTitle], embrace their tradition!";;;;;;;;;;;;;x
EVTOPTA_revivalist_6;Delightful, Abdullah!;;;;;;;;;;;;;x
TXT_EVTOPTA_revivalist_6;You marvel at Abdullah's wisdom.;;;;;;;;;;;;;x
EVTDESC_revivalist_7;You are in your chambers one night when Abdullah requests to speak with you. He shares with you his ambition to spread the true faith to the nonbelievers around you, in an attempt to provoke a revival of Islam in these lands. He requests your support, but Abdullah makes it clear that he will pursue his goal no matter your response.;;;;;;;;;;;;;x
EVTOPTA_revivalist_7;You have my official support.;;;;;;;;;;;;;x
EVTOPTB_revivalist_7;I cannot officially support your goal, but go with my blessing.;;;;;;;;;;;;;x
TXT_EVTOPTB_revivalist_7;Abdullah begins preaching in the streets.;;;;;;;;;;;;;x
EVTOPTC_revivalist_7;Absolutely not.;;;;;;;;;;;;;x
TXT_EVTOPTC_revivalist_7;You banish Abdullah from your lands.;;;;;;;;;;;;;x
EVTDESC_revivalist_8;Reports reach you of Abdullah's efforts in preaching. Supposedly, he has gained numerous followers. Some of these followers have gathered themselves into an armed group in order to protect "the Revival", as Abdullah calls his movement. These "Ikhwan" have acquiring through unknown means a fortress near your realm, and are applying strict laws on the local populace in your name...;;;;;;;;;;;;;x
EVTOPTA_revivalist_8;Interesting...;;;;;;;;;;;;;x
EVTOPTB_revivalist_8;Concerning...;;;;;;;;;;;;;x
EVTTITLE_revivalist_9;Messenger Of The Revival;;;;;;;;;;;;;x
EVTDESC_revivalist_9;You are conducting affairs related to your court when Abdullah suddenly enters, flanked by armed men. "Oh people of the revealed Truth! We have our duty to follow and obey the will of God — I tell you now that the Great Regression is a punishment which can only be lifted with the cleansing of this world in his name!" He then addresses you specifically. "[Root.GetBestName], I offer myself and my followers to your name, if you agree to take the cause of the Great Revival upon yourself. However, your refusal to spread the cause of God will force me to consider you as one of the innovators who must be punished. God is always with the faithful!", he says, before drawing a sword and burying it into the stomach of one of the merchants — a banker — in your court. The court sits in stunned silence, and all eyes turn to you for your response.;;;;;;;;;;;;;x
EVTOPTA_revivalist_9;There can be no victory except through God, and He is surely with us.;;;;;;;;;;;;;x
EVTOPTB_revivalist_9;Leave my court at once, you munafiq.;;;;;;;;;;;;;x
EVTTITLE_revivalist_10;The Rise of Revivalism;;;;;;;;;;;;;x
EVTDESCA_revivalist_10;Abdullah and his entourage all give bayah to you as the sovereign of the realm, and proclaim that you are the new Caliph, leader of the entire Muslim world. Abdullah explains that, as Caliph, you have a duty to spread the Revival and its message across the four corners of the world. Only by cleansing the world of sin can all prosper again!;;;;;;;;;;;;;x
EVTDESCB_revivalist_10;The wise hafiz Abdullah, a stranger to your realm not too long ago, has brought a focus on the revival of faith and sharia in your realm with heretofore unimaginable reach. The ruler of [From.PrimaryTitle.GetName], [From.GetBestName], has adopted the Revivalist philosophy and been proclaimed Caliph. Allah willing, the entire world will soon be cleansed of sin!;;;;;;;;;;;;;x
EVTDESCC_revivalist_10;Strange news has reached you from [From.PrimaryTitle.GetName]. The ruler of that realm, [From.GetBestName], has fallen under the influence of a preacher from the Old World and declared himself Caliph. This is, of course, an indirect attack on your own legitimacy as [Root.GetTitle]. Many in your court fear that the armies of the new Caliph may arrive in your realm to enforce his claim...;;;;;;;;;;;;;x
EVTDESCD_revivalist_10;Strange news has reached you from [From.PrimaryTitle.GetName]. The ruler of that realm, [From.GetBestName], has evidently adopted a strange new form of Islam. What's more, he now claims to be the rightful ruler of the entire Muslim world. Many in your court are fearful that he may soon begin wars of expansion...;;;;;;;;;;;;;x
EVTOPTA_revivalist_10;Allahu Akbar!;;;;;;;;;;;;;x
EVTOPTB_revivalist_10;Allahu Akbar!;;;;;;;;;;;;;x
EVTOPTC_revivalist_10;Terrifying!;;;;;;;;;;;;;x
EVTOPTD_revivalist_10;Bah, more infidel infighting!;;;;;;;;;;;;;x
EVTDESC_revivalist_12;Angered at your conduct and treatment, Abdullah and his followers have begun organized revolts against you, claiming you are "the Pharaoh of this age". With cries of faith and valor, they have seized many arms, and already many have perished!;;;;;;;;;;;;;x
EVTOPTA_revivalist_12;We will crush these heretics!;;;;;;;;;;;;;x
TXT_EVTOPTA_revivalist_12;You go to war against Abdullah.;;;;;;;;;;;;;x
EVTDESC_revivalist_13;Many of Abdullah's followers have reacted to news of his banishment with shock with a mass movement to the shores to join their heretic teacher to his exile abroad, cursing your name. Although they are disorganized, their message has rocked your realm to your core...;;;;;;;;;;;;;x
EVTOPTA_revivalist_13;I will banish every one of these heretics!;;;;;;;;;;;;;x
TXT_EVTOPTA_revivalist_13;Your realm has been shaken by deceit...;;;;;;;;;;;;;x
