#CODE;ENGLISH;FRENCH;GERMAN;;SPANISH;;;;;;;;;x
LOADING_TIP_0;A 'demesne' is the collection of Castles, Cities and Temples held by one person.;Un 'domaine' est l'ensemble des Châteaux, Cités et Temples possédé par une personne.;Ein 'Herrschaftsgebiet' ist die Ansammlung von Burgen, Städten und Tempeln, die einer Person gehören.;;Una «heredad» es un conjunto de Castillos, Villas y Templos pertenecientes a una persona.;;;;;;;;;x
LOADING_TIP_1;Seniority succession is a great way to reunite your family lands but for some reason tends to lower your life expectancy.;La succession basée sur l'Ancienneté permet de réunir les terres familiales, mais tend à réduire votre espérance de vie.;Das Alter-Nachfolgegesetz ist eine tolle Möglichkeit, die Ländereien Eurer Familie zusammenzufügen, reduziert merkwürdigerweise aber Eure Lebenserwartung.;;La sucesión por veteranía es gran forma de reunir las tierras de tu familia pero, por algún motivo, tu esperanza de vida baja.;;;;;;;;;x
LOADING_TIP_2;Right-clicking portraits brings up a quick menu.;Faites un clic droit sur les portraits pour afficher un menu rapide.;Rechtsklicks auf Portraits rufen ein Schnellmenü auf.;;Al hacer clic en los retratos con el botón derecho del ratón se abre un menú rápido.;;;;;;;;;x
LOADING_TIP_3;Right-click on a holding in your realm to access a quick menu for it.;Faites un clic droit de la souris sur les avoirs de votre Royaume pour accéder au menu rapide.;Rechtsklickt auf einen Bestand in Eurem Reich, um ein Schnellmenü dazu aufzurufen. ;;Haz clic con el botón derecho en una propiedad de tu reino para acceder a su menú rápido.;;;;;;;;;x
LOADING_TIP_5;Illegitimate bastards cannot pass your dynasty on, but they may pass on a Bloodline.;Les enfants illégitimes n’appartiennent pas à votre dynastie.;Uneheliche Bastarde können Eure Dynastie nicht weiterführen.;;Los bastardos ilegítimos no pueden continuar con tu dinastía.;;;;;;;;;x
LOADING_TIP_6;The second and third in line to the throne are called pretenders, and are likely to cause trouble.;Le deuxième et le troisième de la lignée sont des prétendants et peuvent poser problèmes.;Die Nummer zwei und drei in der Erbfolge werden Thronanwärter genannt und sorgen sehr wahrscheinlich für Schwierigkeiten.;;El segundo y el tercero en la línea de sucesión son los aspirantes al trono, y suelen causar problemas.;;;;;;;;;x
LOADING_TIP_7;Vassals who dislike you will not provide you with their full troop levies.;À défaut de vous apprécier, les vassaux ne mettront pas à votre disposition l’intégralité de leurs troupes.;Vasallen, die Euch nicht mögen, werden Euch nicht ihre vollen Wehrpflichtigenkontingente zur Verfügung stellen.;;Los vasallos a los que no gustes se negarán a darte todas sus levas.;;;;;;;;;x
LOADING_TIP_8;Crown Laws affect even those rulers who are not de facto part of the kingdom.;Les lois de la Couronne affectent également les souverains qui ne font pas, de facto, partie du Royaume.;Krongesetze betreffen jene Herrscher, die de facto nicht zum Reich gehören.;;Las leyes de la Corona afectan a aquellos soberanos que no son parte de facto del reino.;;;;;;;;;x
LOADING_TIP_9;The Pope can grant powerful boons to good Catholics.;Le Pape peut accorder de puissants avantages aux bons catholiques.;Der Papst kann guten Katholiken enorme Vorteile verschaffen machen.;;El Papa puede conceder grandes favores a los buenos católicos.;;;;;;;;;x
LOADING_TIP_10;Mercenaries are professional soldiers and can win wars for you - just make sure they get paid!;Les mercenaires sont des soldats professionnels capables de remporter des guerres pour votre compte. Mais n’oubliez pas de les payer !;Söldner sind Berufssoldaten und können Kriege für Euch gewinnen - so lange Ihr sie anständig bezahlt!;;Los mercenarios son soldados profesionales, pueden ganar guerras por ti. ¡Solo tienes que asegurarte de que paguen!;;;;;;;;;x
LOADING_TIP_11;Holy orders will only fight against heretics and infidels. Be careful when using them in battle!;Les ordres saints ne combattront que les hérétiques et les infideles. Soyez donc vigilant lorsque vous les utilisez au cours de batailles !  ;Heilige Orden kämpfen nur gegen Ketzer und Ungläubige. Seid vorsichtig, wenn Ihr sie im Kampf einsetzt!;;Las órdenes sagradas sólo lucharán contra los herejes e infieles. !Ten cuidado al usarlas en batalla!;;;;;;;;;x
LOADING_TIP_12;Hold down the middle mouse button to pan around the map.;Maintenez le bouton central de la souris pour afficher un panoramique de la carte.;Mit der mittleren Maustaste könnt Ihr den Kamerawinkel der Karte ändern.;;Mantén pulsado el botón central del ratón para desplazarte por el mapa.;;;;;;;;;x
LOADING_TIP_13;Right-click a received message to change its priority or appearance.;Cliquez avec le bouton droit de la souris sur un message reçu pour modifier sa priorité ou son apparence.;Rechtsklickt auf die erhaltene Botschaft und ändert ihre Priorität oder ihre Erscheinung.;;Haz clic con el botón derecho en un mensaje recibido para cambiar su prioridad o apariencia.;;;;;;;;;x
LOADING_TIP_14;If you have free investiture, the Pope may ask you to change it.;En cas d’investiture libre, le Pape peut vous demander de changer cette loi.;Wenn Ihr freie Investitur habt, könnte Euch der Papst auffordern, dies zu ändern.;;Si aplicas la ley de libre investidura, el Papa puede pedirte que la cambies.;;;;;;;;;x
LOADING_TIP_15;Do not upset the Pope, he may have you excommunicated.;Ne contrariez pas le Pape sous peine d’excommunication.;Verärgert den Papst nicht, denn er könnte Euch exkommunizieren.;;No enfades al Papa, puede hacer que te excomulguen.;;;;;;;;;x
LOADING_TIP_16;If you are childless and old, your family members may demand your titles.;Si vous êtes sans enfant ou âgé, les membres de votre famille peuvent exiger vos titres.;Wenn Ihr kinderlos und alt seid, könnten Eure Familienmitglieder Eure Titel fordern.;;Si no tienes descendencia y eres anciano, puede que los miembros de tu familia te pidan los títulos.;;;;;;;;;x
LOADING_TIP_17;Press F10 to save a snapshot of the mapmode you currently have selected.;Appuyez sur F10 pour sauvegarder la capture d'écran de la carte que vous avez sélectionnée.;Drückt F10, um ein Bildschirmfoto des Kartenmodus zu machen, den ihr momentan ausgewählt habt. ;;Pulsa F10 para guardar una captura del modo de mapa actualmente seleccionado.;;;;;;;;;x
LOADING_TIP_18;The more the Authority of a religion is eroded, the more susceptible it is to heresy.;Plus l’autorité d’une religion est fragile, plus elle est encline à l’hérésie.;Je mehr die Autorität einer Religion nachlässt, desto anfälliger wird sie für Ketzerei.;;Cuanto más erosionada la autoridad de una religión, más propensos serán sus miembros a la herejía.;;;;;;;;;x
LOADING_TIP_19;Press F11 to save a screenshot of the game.;Appuyez sur F11 pour sauvegarder une capture d'écran du jeu.;Drückt F11, um einen Screenshot vom Spiel zu sichern. ;;Pulsa F11 para guardar una captura de pantalla del juego.;;;;;;;;;x
LOADING_TIP_20;Children are born with a fraction of their parents' dynasties' total Prestige.;Les enfants naissent avec une fraction du Prestige total des dynasties de leurs parents.;Kinder werden mit einem Teil des Ansehens ihrer elterlichen Dynastie geboren.;;Los niños nacen con una parte del prestigio de las dinastías de sus progenitores.;;;;;;;;;x
LOADING_TIP_21;Enatic Succession means only females can inherit.;La succession agnatique signifie que seuls les hommes peuvent hériter.;Väterliche Thronfolge bedeutet, dass nur Männer erben können.;;La sucesión agnaticia significa que solo los varones pueden heredar.;;;;;;;;;x
LOADING_TIP_22;Enatic-Cognatic (a.k.a. Female Preference) Succession means males can inherit only if there are no valid females.;La succession agnatico-cognatique (c.-à-d. Préférence masculine) signifie que les femmes ne peuvent hériter que s'il n'y a pas d'hommes valides.;Die Väterlich-Mütterliche Thronfolge  (auch Männlicher Vorzug genannt) bedeutet, dass Frauen nur dann erben können, wenn kein legitimer männlicher Nachkomme vorhanden ist. ;;La sucesión agnaticia-cognaticia (preferencia masculina) significa que las mujeres pueden heredar solo en caso de ausencia de varón.;;;;;;;;;x
LOADING_TIP_23;Buy an Ursuline Indulgence to gain more Piety.;Achetez une indulgence papale pour gagner plus de Piété.;Erwerbt einen päpstlichen Ablass, um die Frömmigkeit zu erhöhen.;;Comprar una Indulgencia Papal para ganar Piedad.;;;;;;;;;x
LOADING_TIP_24;You gain more Prestige in battle as an ally than as a primary participant.;Vous gagnez plus de prestige au cours d'une bataille en tant qu'allié qu'en tant qu'instigateur.;Verbündete können in einer Schlacht mehr Prestige gewinnen als Haupt-Akteure;;Ganas más Prestigio en batalla como aliado que como participante primario.;;;;;;;;;x
LOADING_TIP_25;Hold down shift while giving orders to a unit to create a custom path.;Maintenez la touche Maj. appuyée lorsque vous donnez des ordres à une unité pour créer un parcours personnalisé.;Shift bei der Erteilung eines Truppenbefehls gedrückt halten, um einen angepassten Pfad zu erstellen;;Mantén pulsada la tecla Shift al dar órdenes a una unidad para crear una ruta personalizada.;;;;;;;;;x
LOADING_TIP_26;Under Gavelkind Succession Law, you suffer no Prestige penalty for having unlanded sons.;Avec la loi de succession basée sur le Partage Salique, vous ne subissez aucune pénalité de prestige lorsque vous avez des fils sans terres.;Unter dem Nachfolgegesetz Gavelkind erleidet Ihr durch landlose Söhne keine Prestigeverluste.;;Merced a la Ley de Sucesión equitativa, no pierdes prestigio por tener hijos sin tierras.;;;;;;;;;x
LOADING_TIP_27;Gavelkind Succession Law allows you to have a larger demesne.;La loi du Partage Salique vous permet d’avoir un Domaine plus grand.;Das Nachfolgegesetz Gavelkind gestattet Euch keine größere Domäne.;;La Ley de Sucesión equitativa iguales te permite poseer una heredad mayor.;;;;;;;;;x
LOADING_TIP_28;Employed Holy Orders cost no maintenance when you are defending against heretics or infidels.;Aucun frais d’entretien ne s’applique aux ordres sacrés employés lorsque vous vous défendez face à des hérétiques ou à des infidèles.;Glaubensorden in Euren Diensten kosten Euch keinen Unterhalt, wenn Ihr gegen Ketzer oder Ungläubige verteidigt.;;Las Órdenes Militares contratadas no te cuestan dinero cuando te defiendes contra herejes o infieles.;;;;;;;;;x
LOADING_TIP_29;Your councillors cannot both lead troops and perform missions in counties.;Vos conseillers ne peuvent pas à la fois mener des troupes et effectuer leurs missions dans les comtés.;Eure Räte können nicht gleichzeitig Truppen befehligen und Aufträge in Grafschaften ausführen.;;Tus consejeros no pueden liderar tropas y realizar misiones en condados.;;;;;;;;;x
LOADING_TIP_30;The rest of the world is rebuilding, too - beware what might come across the sea...;Attention aux hordes...;Hütet Euch vor den Horden ...;;Cuidado con las hordas...;;;;;;;;;x
LOADING_TIP_31;Sometimes the most skilled Councillor is also an enemy. Tread carefully.;Parfois, le plus talentueux des conseillers est aussi un ennemi. Prudence !;Manchmal ist der fähigste Berater auch ein Feind. Handelt mit Vorsicht.;;A veces el consejero más capaz es también un enemigo. Ve con cuidado.;;;;;;;;;x
LOADING_TIP_32;You'll have better results plotting against your liege if you are the Spymaster.;En cas de complot contre votre suzerain, vous obtiendrez de meilleurs résultats si vous êtes le Maître-Espion.;Seid Ihr der Agentenführer, so haben Eure Verschwörungen gegen Euren Lehnsherrn bessere Erfolgschancen.;;Lograrás mejores resultados conspirando contra tu señor si eres el Jefe de espías.;;;;;;;;;x
LOADING_TIP_33;All your children will get claims on your titles.;Tous vos enfants revendiqueront vos titres.;All Eure Kinder erhalten Ansprüche auf Eure Titel.;;Todos tus hijos tendrán reclamaciones sobre tus títulos.;;;;;;;;;x
LOADING_TIP_34;Delegate. A smaller group of direct vassals is easier to control.;Déléguez. Un petit groupe de vassaux directs est plus facile à contrôler.;Delegieren. Eine kleinere Gruppe direkter Vasallen ist einfacher zu kontrollieren.;;Delega. Un grupo más pequeño de vasallos directos es más fácil de controlar.;;;;;;;;;x
LOADING_TIP_35;Allies might refuse to participate in a war against someone they like more than you.;Vos alliés risquent de refuser de participer à une guerre contre quelqu’un qu’ils aiment bien.;Verbündete könnten die Teilnahme an einem Krieg gegen jemand verweigern, den sie mehr mögen als Euch.;;Los aliados podrían negarse a participar en una guerra contra alguien que les guste más que tú.;;;;;;;;;x
LOADING_TIP_36;You can also build improvements in the Holdings of your direct vassals.;Vous pouvez aussi construire des améliorations dans les Fiefs de vos vassaux directs.;In den Besitztümern Eurer direkten Vasallen könnt Ihr ebenfalls Verbesserungen bauen.;;También puedes construir mejoras en las posesiones de tus vasallos directos.;;;;;;;;;x
LOADING_TIP_37;Children tend to get the same traits and skills as their assigned guardian.;Les enfants ont tendance à hériter des caractéristiques et compétences de leur tuteur.;Kinder tendieren dazu, die gleichen Fähigkeiten und Eigenschaften wie die ihnen zugeteilten Vormünder zu erlangen.;;Los niños tienden a adquirir los rasgos y habilidades de su tutor asignado.;;;;;;;;;x
LOADING_TIP_38;SOS, the mod has been hijacked!;;;;;;;;;;;;;x
LOADING_TIP_39;Nobles care about Prestige. Religious leaders care about Piety. Everyone cares for Gold.;Les nobles s’intéressent au prestige, les chefs religieux s’intéressent à la piété et tout le monde s’intéresse à l’or.;Edelleute finden Prestige wichtig, religiöse Oberhäupter Pietät, aber alle interessieren sich für Gold. ;;Los nobles se interesan por el prestigio. Los líderes religiosos se interesan por la piedad. Todos se interesan por el oro.;;;;;;;;;x
LOADING_TIP_40;If an Antipope dethrones the reigning pope, he becomes the new Pope.;Si un antipape détrône le Pape régnant, il devient le nouveau Pape.;Wenn ein Gegenpapst den amtierenden Papst stürzt, wird er selbst der neue Papst.;;Si un antipapa derroca al papa reinante, aquel se convierte en el nuevo papa.;;;;;;;;;x
LOADING_TIP_41;Carefully check the traits of your wife;Vérifiez bien les caractéristiques de votre femme;Gebt gut Acht auf die Vorzüge Eurer Ehefrau;;Comprueba cuidadosamente los rasgos de tu esposa;;;;;;;;;x
LOADING_TIP_42;Nominating someone a Bishop will disqualify him from succession;La nomination de quelqu'un comme évêque va le disqualifier de la succession;Jemandem einen Bischof zu nominieren, disqualifiziert ihn als Erben;;Nombrar a alguien obispo le descalifica para la sucesión ;;;;;;;;;x
LOADING_TIP_43;Greedy and generally indulgent characters like gifts more;Les sujets gourmands et généralement indulgents aiment beaucoup les cadeaux ;Geizige und allgemein nachsichtige Charaktere mögen Geschenke mehr;;Personajes codiciosos e indulgente generalmente les gustan más los regalos ;;;;;;;;;x
LOADING_TIP_44;With Agnatic-Cognatic succession, a younger daughter with a son comes before an older daughter without.;Lors d'une succession agnatique-cognatique , la cadette qui est mère d'un garçon sera prioritaire à son aînée qui n'a pas de garçon.;In einer agnatisch-kognatischen Erbfolge steht eine jüngere Tochter mit einem Sohn vor einer älteren Tochter ohne einem Sohn.;;En la sucesión agnaticio-cognaticia, una hija que tenga un hijo tiene preferencia frente a una hija de mayor edad sin hijos.;;;;;;;;;;x;
LOADING_TIP_45;You can make selection choose fleets exclusively using the ALT key.;Vous pouvez ne sélectionner que vos flottes en utilisant la touche ALT.;Sie können eine Auswahl nur auf Flotten treffen, indem Sie die Alt-Taste gedrueckt halten.;;Puedes hacer que la tropa seleccionada se embarque usando simplemente la tecla ALT;;;;;;;;;x
LOADING_TIP_46;"A Tsar shall arise from Russian soil, and there shall not be a power in the world which shall not submit to his dominion!" -Taras Bulba;;;;;;;;;x
LOADING_TIP_47;"All happy families are alike; each unhappy family is unhappy in its own way." -Leo Tolstoy;;;;;;;;;;;;;x
LOADING_TIP_48;"It is amazing how complete is the delusion that beauty is goodness." -Leo Tolstoy;;;;;;;;;;;;;x
LOADING_TIP_49;"Pain and suffering are always inevitable for a large intelligence and a deep heart. The really great men must, I think, have great sadness on earth." -Fyodor Dostoevsky;;;;;;;;;x
LOADING_TIP_50;"People speak sometimes about the "bestial" cruelty of man, but that is terribly unjust and offensive to beasts, no animal could ever be so cruel as a man, so artfully, so artistically cruel." -Fyodor Dostoevsky;;;;;;;;;x
LOADING_TIP_51;"Foreigners preparing for dismemberment must remember that they are declaring an age-old struggle for all of Russia." -Ivan Ilyin;;;;;;;;;;;;;x
LOADING_TIP_52;"Either our political struggle is soteriological and eschatological, or it is meaningless." -Alexander Dugin;;;;;;;;;;;;;x
LOADING_TIP_53;"A defeat is not as dangerous as a fear of being defeated." -Vladimir Lenin;;;;;;;;;;;;;x
LOADING_TIP_54;"It is, of course, much easier to shout, abuse, and howl than to attempt to relate, to explain." -Vladimir Lenin;;;;;;;;;;;;;x
LOADING_TIP_55;"Destiny may ride with us today, but there is no reason for it to interfere with lunch." -Peter the Great;;;;;;;;;;;;;x
LOADING_TIP_56;"One death is a tragedy; one million is a statistic." -Joseph Stalin;;;;;;;;;;;;;x
LOADING_TIP_57;"Death is the solution to all problems. No man - no problem." -Joseph Stalin;;;;;;;;;;;;;x
LOADING_TIP_58;"The Pope? How many divisions has he got?" -Joseph Stalin;;;;;;;;;;;;;x
LOADING_TIP_59;"Gratitude is a sickness suffered by dogs." -Joseph Stalin;;;;;;;;;;;;x
LOADING_TIP_60;"I am waiting for an answer, No more hopes are left, Soon the summer will end. This summer." -Kino;;;;;;;;;;;;x
LOADING_TIP_61;"I shall be an autocrat: that's my trade. And the good Lord will forgive me: that's his." -Catherine the Great;;;;;;;;;;;;x
LOADING_TIP_62;"Little thieves are hanged, but great ones escape." -Russian proverb;;;;;;;;;;;;x
LOADING_TIP_63;If planning revenge, dig two graves. -Russian proverb;;;;;;;;;;;;x
LOADING_TIP_64;"A King reigns, but does not govern." -Jan Zamoyski;;;;;;;;;;;;x
LOADING_TIP_65;"I was taught that the way of progress was neither swift nor easy." -Marie Curie;;;;;;;;;;;;x
LOADING_TIP_66;"For I am not sThings done in a hurry are cursed by the devil. -Polish proverbo enamored of my own opinions that I disregard what others may think of them." -Nicolaus Copernicus;;;;;;;;;;;;x
LOADING_TIP_67;Where's Rome, where's Crimea. -Polish Proverb;;;;;;;;;;;;x
LOADING_TIP_68;"No nation has friends only interests." -Charles de Gaulle;;;;;;;;;;;;x
LOADING_TIP_69;"Diplomats are useful only in fair weather. As soon as it rains they drown in every drop." -Charles de Gaulle;;;;;;;;;;;;x
LOADING_TIP_70;"The sword is the axis of the world and its power is absolute." -Charles de Gaulle;;;;;;;;;;;;x
LOADING_TIP_71;"It is legal because I wish it." -Louis XIV;;;;;;;;;;;;x
LOADING_TIP_72;"I am the state." -Louis XIV;;;;;;;;;;;;x
LOADING_TIP_73;"Has God forgotten all I have done for Him." -Louis XIV;;;;;;;;;;;;x
LOADING_TIP_74;"Glory is fleeting, but obscurity is forever. -Napoleon Bonaparte;;;;;;;;;;;;x
LOADING_TIP_75;"Nothing is more difficult, and therefore more precious, than to be able to decide." -Napoleon Bonaparte;;;;;;;;;;;;x
LOADING_TIP_76;"Religion is what keeps the poor from murdering the rich." -Napoleon Bonaparte;;;;;;;;;;;;x
LOADING_TIP_77;"I would rather die than do something which I know to be a sin, or to be against God's will." -Joan of Arc;;;;;;;;;;;;x
LOADING_TIP_78;"People know what they do; frequently they know why they do what they do; but what they don't know is what what they do does." -Michel Foucault;;;;;;;;;;;;x
LOADING_TIP_79;"I am not afraid... I was born to do this." -Joan of Arc;;;;;;;;;;;;x
LOADING_TIP_80;"The best government is a benevolent tyranny tempered by an occasional assassination." -Voltaire;;;;;;;;;;;;x
LOADING_TIP_81;"History is a gallery of pictures in which there are few originals and many copies." - Alexis de Tocqueville;;;;;;;;;;;;x
LOADING_TIP_82;"When the past no longer illuminates the future, the spirit walks in darkness." -Alexis de Tocqueville;;;;;;;;;;;;x
LOADING_TIP_83;"To punish the oppressors of humanity is clemency; to forgive them is cruelty." -Maximilien Robespierre;;;;;;;;;;;;x
LOADING_TIP_84;"Man is born free and everywhere he is in chains." -Jean-Jacques Rousseau;;;;;;;;;;;;x
LOADING_TIP_85;"Every existing thing is born without reason, prolongs itself out of weakness, and dies by chance." -Jean-Paul Sartre;;;;;;;;;;;;x
LOADING_TIP_86;When one wants, one can. -French proverb;;;;;;;;;;;;x
LOADING_TIP_87;All comes on time to the one who knows how to wait. -French proverb;;;;;;;;;;;;x
LOADING_TIP_88;"The present sparkles over everything that can be said." -Eduard Mörike;;;;;;;;;;;;x
LOADING_TIP_89;"The ultimate test of a moral society is the kind of world that it leaves to its children." -Dietrich Bonhoeffer;;;;;;;;;;;;x
LOADING_TIP_90;If I knew that the world would end tomorrow, I would plant an apple tree today. -Lutheran Proverb;;;;;;;;;;;;x
LOADING_TIP_91;"You do not need to leave your room. Remain sitting at your table and listen. Do not even listen, simply wait, be quiet still and solitary. The world will freely offer itself to you to be unmasked, it has no choice, it will roll in ecstasy at your feet." -Franz Kafka;;;;;;;;;;;;x
LOADING_TIP_92;"How beautiful Germany is when you are very far away and just keep thinking about it!" -Carl Zuckmayer;;;;;;;;;;;;x
LOADING_TIP_93;"We learn from history that we do not learn from history." -Georg Hegel;;;;;;;;;;;;x
LOADING_TIP_94;"Nothing great in the world was accomplished without passion." -Georg Hegel;;;;;;;;;;;;x
LOADING_TIP_95;"He who defends everything defends nothing." -Frederick the Great, King of Prussia;;;;;;;;;;;;x
LOADING_TIP_96;"A crown is merely a hat that lets the rain in." -Frederick the Great, King of Prussia;;;;;;;;;;;;x
LOADING_TIP_97;"The specific political distinction to which political actions and motives can be reduced is that between friend and enemy." -Carl Schmitt;;;;;;;;;;;;x
LOADING_TIP_98;"While other nations do battle, you lucky Austria, you wed." -Maria Theresa;;;;;;;;;;;;x
LOADING_TIP_99;"The sad truth is that most evil is done by people who never make up their minds to be good or evil." -Hannah Arendt;;;;;;;;;;;;x
LOADING_TIP_100;"Tell me who your enemy is, and I will tell you who you are."  -Carl Schmitt;;;;;;;;;;;;x
LOADING_TIP_101;"Under conditions of tyranny it is far easier to act than to think." -Hannah Arendt;;;;;;;;;;;;x
LOADING_TIP_102;"Those who do not move, do not notice their chains." -Rosa Luxemburg;;;;;;;;;;;;x
LOADING_TIP_103;"Why seek far afield when the good is close by?" -Goethe;;;;;;;;;;;;x
LOADING_TIP_104;"To be radical is to grasp things by the root." -Karl Marx;;;;;;;;;;;;x
LOADING_TIP_105;"The tradition of all dead generations weighs like a nightmare on the brains of the living." -Karl Marx;;;;;;;;;;;;x
LOADING_TIP_106;"The Lords do it themselves so that the poor man becomes their enemy." -Thomas Müntzer;;;;;;;;;;;;x
LOADING_TIP_107;"Three things should deter everyone from war: the depravity and oppression of the poor innocent people, the disorderly and punishable lives of the soldiers, and the ingratitude of the princes." -Georg von Frundsberg;;;;;;;;;;;;x
LOADING_TIP_108;"He who chases two rabbits at once will catch none."  -German proverb;;;;;;;;;;;;x
LOADING_TIP_109;"Give neither salt nor counsel till you are asked for it." -German proverb;;;;;;;;;;;;x
LOADING_TIP_110;"It is better to be alone than to be in bad company." -German proverb;;;;;;;;;;;;x
LOADING_TIP_111;"If the people's will is to live, then Fate must respond." -Abu Al Qasem Al Chabi;;;;;;;;;;;;x
LOADING_TIP_112;"Don't grieve. Anything you lose comes round in another form." -Rumi;;;;;;;;;;;;x
LOADING_TIP_113;"I am neither of the East nor of the West, no boundaries exist within my breast." -Rumi;;;;;;;;;;;;x
LOADING_TIP_114;"The people think of wealth and power as the greatest fate, But in this world, a spell of health is the best state. What men call sovereignty is worldly strife and constant war, Worship of God is the highest throne, the happiest of all estates." -Suleiman the Magnificent;;;;;;;;;;;;x
LOADING_TIP_115;"The future is in the sky." - Mustafa Kemal;;;;;;;;;;;;x
LOADING_TIP_116;"What was taken by force, can only be restored by force." -Gamal Abdel Nasser;;;;;;;;;;;;x
LOADING_TIP_117;"People do not want words - they want the sound of battle - the battle of destiny." -Gamal Abdel Nasser;;;;;;;;;;;;x
LOADING_TIP_118;"It's nothing, it is good to die for our country." -Joseph Trumpeldor;;;;;;;;;;;;x
LOADING_TIP_119;"Women make up one half of society. Our society will remain backward and in chains unless its women are liberated, enlightened and educated." -Saddam Hussein;;;;;;;;;;;;x
LOADING_TIP_120;"Don't be attracted to easy paths because the paths that make your feet bleed are the only way to get ahead in life." -Saddam Hussein;;;;;;;;;;;;x
LOADING_TIP_121;"Some people have the disease of criticizing all the time. They forget the good about others and only mention their faults. They are like flies that avoid the good and pure places and land on the bad and wounds. This is because of the evil within the self and the spoiled nature." -Ibn Taymiyyah;;;;;;;;;;;;x
LOADING_TIP_122;"Don't depend too much on anyone in this world because even your own shadow leaves you when you are in darkness." -Ibn Taymiyyah;;;;;;;;;;;;x
LOADING_TIP_123;"In order to be a realist, you must believe in miracles." -David Ben-Gurion;;;;;;;;;;;;x
LOADING_TIP_124;"What matters is not what the goyim say, but what the Jews do." -David Ben-Gurion;;;;;;;;;;;;x
LOADING_TIP_125;"One cannot and must not try to erase the past merely because it does not fit the present." -Golda Meir;;;;;;;;;;;;x
LOADING_TIP_126;"Strange, that I came into the world with nothing, and now I am going away with this stupendous caravan of sin! Wherever I look, I see only God... I have sinned terribly, and I do not know what punishment awaits me." -Aurangzeb;;;;;;;;;;;;x
LOADING_TIP_127;"It is best for ordinary men to have only one wife!" -Akbar;;;;;;;;;;;;x
LOADING_TIP_128;Even on a mountain, there is still a road. -Afghan proverb;;;;;;;;;;;;x
LOADING_TIP_129;When a clown moves into a palace, he doesn't become king. The palace becomes a circus. -Turkish proverb;;;;;;;;;;;;x
LOADING_TIP_130;"Got mit uns!" -Gustavus Adolphus, King of Sweden;;;;;;;;;;;;x
LOADING_TIP_131;"Fools are more to be feared than the wicked." - Christina, Queen of Sweden;;;;;;;;;;;;x
LOADING_TIP_132;"Wars begin when you will, but they do not end when you please." -Niccoló Machiavelli;;;;;;;;;;;;x
LOADING_TIP_133;"If an injury has to be done to a man it should be so severe that his vengeance need not be feared." -Niccolò Machiavelli;;;;;;;;;;;;x
LOADING_TIP_134;"Shortsighted and farsighted in politics are most dangerous." -Giulio Andreotti;;;;;;;;;;;;x;;;;;;;;;;;;x
LOADING_TIP_135;"Success consists of going from failure to failure without loss of enthusiasm." -Winston Churchill;;;;;;;;;;;;x
LOADING_TIP_136;"History will be kind to me for I intend to write it." -Winston Churchill;;;;;;;;;;;;x
LOADING_TIP_137;"If Hitler invaded hell I would make at least a favorable reference to the devil in the House of Commons." -Winston Churchill;;;;;;;;;;;;x
LOADING_TIP_138;"If you set out to be liked, you would be prepared to compromise on anything at any time, and you would achieve nothing." -Margaret Thatcher;;;;;;;;;;;;x
LOADING_TIP_139;"Writers of novels and romance in general bring a double loss to their readers; robbing them of their time and money, representing men, manners, and things, that never have been, or are likely to be." -Lady Mary Wortley Montagu;;;;;;;;;;;;x
LOADING_TIP_140;"When Adam delved and Eve span, Who was then the gentleman?" -John Ball;;;;;;;;;;;;x
LOADING_TIP_141;"Do not trust to the cheering, for those very persons would shout as much if you and I were going to be hanged." -Oliver Cromwell;;;;;;;;;;;;x
LOADING_TIP_142;"A pretty face may be enough to catch a man, but it takes character and good nature to hold him." -Thomas More;;;;;;;;;;;;x
LOADING_TIP_143;"I would venture to warn against too great intimacy with artists as it is very seductive and a little dangerous." -Queen Victoria;;;;;;;;;;;;x
LOADING_TIP_144;"Life is too short to be little. Man is never so manly as when he feels deeply, acts boldly, and expresses himself with frankness and with fervor." -Benjamin Disraeli;;;;;;;;;;;;x
LOADING_TIP_145;"It was the best of times, it was the worst of times, it was the age of wisdom, it was the age of foolishness, it was the epoch of belief, it was the epoch of incredulity, it was the season of light, it was the season of darkness, it was the spring of hope, it was the winter of despair." -Charles Dickens;;;;;;;;;;;;x
LOADING_TIP_146;"If you find someone you love in your life, then hang on to that love." -Princess Diana;;;;;;;;;;;;x
LOADING_TIP_147;"That's the shock: All cliches are true. The years really do speed by. Life really is as short as they tell you it is. And there really is a God - so do I buy that one? If all the other cliches are true... Hell, don't pose me that one." -David Bowie;;;;;;;;;;;;x
LOADING_TIP_148;"Tomorrow belongs to those who can hear it coming." -David Bowie;;;;;;;;;;;;x
LOADING_TIP_149;"I die the king's faithful servant, but God's first." -Thomas More;;;;;;;;;;;;x
LOADING_TIP_150;"Life appears to me too short to be spent in nursing animosity or registering wrongs." -Charlotte Bronte;;;;;;;;;;;;x
LOADING_TIP_151;"You're not right in the head, and nor am I, and this is why....this is why I like you." -Morrissey;;;;;;;;;;;;x